ticket,opening_time_utc,closing_time_utc,type,lots,symbol,opening_price,closing_price,stop_loss,take_profit,commission_usd,swap_usd,profit_usd
121800354,2022-09-02T10:29:02.478000,2022-09-02T14:47:38.317000,sell,0.11,EURUSDm,1.0002,1.00177,0,0,0,0,-17.27
122264896,2022-09-02T14:18:29.157000,2022-09-02T14:47:34.151000,buy,0.11,USDCADm,1.31087,1.30756,0,0,0,0,-27.85
122276561,2022-09-02T14:26:44.894000,2022-09-02T14:47:27.263000,sell,0.11,AUDUSDm,0.68391,0.68532,0,0,0,0,-15.51
121955668,2022-09-02T12:35:44.044000,2022-09-02T14:47:23.939000,sell,0.11,AUDUSDm,0.68238,0.68528,0,0,0,0,-31.9
121315945,2022-09-01T23:21:02.705000,2022-09-02T14:47:20.567000,sell,0.11,AUDUSDm,0.67881,0.68524,0,0,0,0,-70.73
121879759,2022-09-02T12:29:32.953000,2022-09-02T14:15:37.806000,buy,0.11,USDCADm,1.3148,1.31,0,0,0,0,-40.31
121481095,2022-09-02T03:53:38.263000,2022-09-02T14:15:37.765000,buy,0.11,USDCADm,1.31565,1.31,0,0,0,0,-47.44
121676086,2022-09-02T08:08:57.020000,2022-09-02T12:33:44.307000,sell,0.11,EURUSDm,0.99846,1.003,0,0,0,0,-49.94
121563214,2022-09-02T06:15:25.697000,2022-09-02T10:06:01.561000,sell,0.11,EURUSDm,0.9967,1.00168,0,0,0,0,-54.78
121559725,2022-09-02T06:10:49.437000,2022-09-02T07:42:45.422000,sell,0.11,AUDUSDm,0.67873,0.67983,0,0,0,0,-12.1
120334884,2022-09-01T07:59:50.017000,2022-09-01T11:41:16.634000,sell,0.13,AUDUSDm,0.68346,0.6827,0,0,0,0,9.88
120333402,2022-09-01T07:58:01.319000,2022-09-01T11:24:34.364000,sell,0.11,GBPUSDm,1.16084,1.157,0,0,0,0,42.24
119540077,2022-08-31T14:56:30.572000,2022-09-01T07:17:51.360000,sell,0.13,EURUSDm,1.00564,1.00275,0,0,0,0,37.57
119587444,2022-08-31T15:28:31.476000,2022-09-01T07:17:38.411000,sell,0.13,EURUSDm,1.00644,1.0027,0,0,0,0,48.62
119550582,2022-08-31T15:03:19.361000,2022-09-01T00:44:08.499000,buy,0.17,USDCADm,1.30988,1.31642,0,0,0,0,84.46
119589079,2022-08-31T15:29:54.456000,2022-09-01T00:44:08.499000,buy,0.17,USDCADm,1.30765,1.31642,0,0,0,0,113.25
119364954,2022-08-31T13:17:02.692000,2022-09-01T00:38:45.971000,sell,0.18,AUDUSDm,0.68592,0.68162,0,0,0,0,77.4
119360671,2022-08-31T13:14:06.686000,2022-08-31T14:44:22.445000,sell,0.13,EURUSDm,1.00137,1.005,0,0,0,0,-47.19
119249767,2022-08-31T12:03:33.928000,2022-08-31T14:44:22.431000,sell,0.13,EURUSDm,1.00014,1.005,0,0,0,0,-63.18
119493014,2022-08-31T14:29:50.658000,2022-08-31T14:41:19.257000,sell,0.06,EURUSDm,1.00279,1.0045,0,0,0,0,-10.26
119253538,2022-08-31T12:07:16.629000,2022-08-31T14:35:59.512000,buy,0.16,USDCADm,1.31105,1.31175,0,0,0,0,8.54
118852504,2022-08-31T07:46:22.554000,2022-08-31T09:15:35.331000,buy,0.14,GBPUSDm,1.16574,1.16378,0,0,0,0,-27.44
118854817,2022-08-31T07:13:52.124000,2022-08-31T09:15:31.835000,buy,0.07,GBPUSDm,1.16653,1.16372,0,0,0,0,-19.67
119019334,2022-08-31T08:50:07.687000,2022-08-31T09:14:39.025000,buy,0.16,EURUSDm,0.99903,0.99839,0,0,0,0,-10.24
118846031,2022-08-31T07:07:57.999000,2022-08-31T08:47:34.423000,buy,0.24,EURUSDm,1.00138,0.99859,0,0,0,0,-66.96
118918710,2022-08-31T07:49:46.809000,2022-08-31T08:47:30.038000,buy,0.12,EURUSDm,1.00027,0.99859,0,0,0,0,-20.16
118605489,2022-08-31T00:33:13.929000,2022-08-31T07:06:45.332000,buy,0.15,AUDUSDm,0.68601,0.68911,0,0,0,0,46.5
118785511,2022-08-31T06:05:16.681000,2022-08-31T07:06:42.026000,buy,0.14,GBPUSDm,1.16804,1.16696,0,0,0,0,-15.12
118008518,2022-08-30T13:38:28.716000,2022-08-30T15:09:06.991000,sell,0.19,EURUSDm,1.00288,1.001,0,0,0,0,35.72
117903390,2022-08-30T12:57:56.823000,2022-08-30T14:47:29.338000,buy,0.12,USDCADm,1.3017,1.31035,0,0,0,0,79.22
115051789,2022-08-29T15:04:30.629000,2022-08-30T11:51:07.748000,buy,0.17,AUDUSDm,0.68947,0.69305,0,0,0,0,60.86
117154230,2022-08-30T06:52:04.214000,2022-08-30T11:46:38.906000,buy,0.13,EURUSDm,0.99953,1.002,0,0,0,0,32.11
116421077,2022-08-30T02:12:47.907000,2022-08-30T09:51:43.064000,buy,0.11,GBPUSDm,1.1695,1.173,0,0,0,0,38.5
116733022,2022-08-30T03:17:18.339000,2022-08-30T03:17:54.468000,buy,0.13,USDCADm,1.30224,1.30204,0,0,0,0,-2
115048946,2022-08-29T15:02:54.799000,2022-08-30T03:16:52.817000,sell,0.12,USDCADm,1.30203,1.30233,0,0,0,0,-2.76
113803354,2022-08-29T06:40:33.307000,2022-08-29T14:46:49.652000,buy,0.07,GBPUSDm,1.16756,1.17075,0,0,0,0,22.33
113486277,2022-08-29T01:45:47.822000,2022-08-29T14:43:33.926000,buy,0.17,AUDUSDm,0.68572,0.69,0,0,0,0,72.76
113485983,2022-08-29T01:45:39.429000,2022-08-29T14:39:42.213000,buy,0.13,EURUSDm,0.99267,1,0,0,0,0,95.29
114108437,2022-08-29T10:02:40.666000,2022-08-29T12:50:56.934000,sell,0.15,USDCADm,1.30653,1.3013,0,0,0,0,60.29
113396206,2022-08-29T01:22:32.043000,2022-08-29T01:45:20.468000,sell,0.17,AUDUSDm,0.68526,0.68585,0,0,0,0,-10.03
113423060,2022-08-29T01:26:02.080000,2022-08-29T01:45:16.530000,sell,0.13,EURUSDm,0.9927,0.99266,0,0,0,0,0.52
113269887,2022-08-28T23:56:53.316000,2022-08-29T01:22:05.518000,buy,0.17,AUDUSDm,0.68658,0.68554,0,0,0,0,-17.68
110016105,2022-08-25T23:56:50.992000,2022-08-26T13:36:00.063000,buy,0.18,AUDUSDm,0.69645,0.69946,0,0,0,0,54.18
110262905,2022-08-26T05:35:22.275000,2022-08-26T13:35:50.799000,buy,0.05,GBPUSDm,1.18072,1.1865,0,0,0,0,28.9
110258489,2022-08-26T06:48:08.986000,2022-08-26T13:35:50.796000,buy,0.1,GBPUSDm,1.1793,1.1865,0,0,0,0,72
109694192,2022-08-25T15:50:00.748000,2022-08-26T13:35:43.465000,sell,0.16,USDCADm,1.29435,1.292,0,0,0,0,29.1
110142525,2022-08-26T02:33:51.228000,2022-08-26T10:43:34.443000,buy,0.1,GBPUSDm,1.18227,1.18411,0,0,0,0,18.4
106684004,2022-08-23T23:44:57.779000,2022-08-25T10:09:05.579000,buy,0.13,AUDUSDm,0.6916,0.69727,0,0,0,0,73.71
108303523,2022-08-24T23:59:05.160000,2022-08-25T10:06:59.321000,buy,0.13,AUDUSDm,0.69068,0.69731,0,0,0,0,86.19
106690643,2022-08-24T00:19:10.096000,2022-08-25T09:27:27.254000,buy,0.13,GBPUSDm,1.18195,1.184,0,0,0,0,26.65
106681791,2022-08-23T23:39:16.902000,2022-08-25T09:23:28.767000,buy,0.08,EURUSDm,0.99641,1,0,0,0,0,28.72
107460316,2022-08-24T11:24:45.313000,2022-08-24T23:59:55.598000,buy,0.08,EURUSDm,0.99368,0.99674,0,0,0,0,24.48
106401767,2022-08-23T16:29:55.665000,2022-08-23T23:42:02.422000,buy,0.07,USDCADm,1.29575,1.29616,0,0,0,0,2.21
106344002,2022-08-23T15:37:37.279000,2022-08-23T23:41:57.823000,buy,0.15,USDCADm,1.29446,1.29615,0,0,0,0,19.56
106160689,2022-08-23T14:15:05.464000,2022-08-23T15:13:55.734000,sell,0.07,EURUSDm,1.00006,0.99984,0,0,0,0,1.54
106194916,2022-08-23T14:25:19.543000,2022-08-23T15:12:13.558000,buy,0.15,USDCADm,1.29573,1.29378,0,0,0,0,-22.61
106158333,2022-08-23T14:14:14.696000,2022-08-23T14:14:43.825000,buy,0.02,XAUUSDm,1753.385,1753.119,0,0,0,0,-0.53
105625529,2022-08-23T08:53:01.751000,2022-08-23T14:06:48.227000,sell,0.02,XAUUSDm,1740.794,1752.91,0,0,0,0,-24.23
104949803,2022-08-22T23:14:55.290000,2022-08-23T14:00:42.172000,sell,0.13,AUDUSDm,0.68799,0.69228,0,0,0,0,-55.77
105234446,2022-08-23T05:29:25.784000,2022-08-23T13:45:06.269000,sell,0.07,GBPUSDm,1.17494,1.18174,0,0,0,0,-47.6
104609152,2022-08-22T15:48:28.375000,2022-08-23T08:50:04.550000,sell,0.02,XAUUSDm,1735.364,1742.44,0,0,0,0,-14.15
104565808,2022-08-22T15:26:58.567000,2022-08-22T15:47:28.195000,buy,0.17,GBPUSDm,1.17661,1.1748,0,0,0,0,-30.77
104504015,2022-08-22T14:55:25.790000,2022-08-22T15:47:24.274000,buy,0.07,EURUSDm,0.99692,0.99347,0,0,0,0,-24.15
103710494,2022-08-22T08:07:43.791000,2022-08-22T15:26:14.721000,buy,0.23,GBPUSDm,1.17989,1.1771,0,0,0,0,-64.27
103712463,2022-08-22T08:09:07.487000,2022-08-22T14:49:25.690000,buy,0.07,EURUSDm,1.00016,0.99612,0,0,0,0,-28.28
103665165,2022-08-22T07:55:08.437000,2022-08-22T08:07:20.013000,sell,0.13,EURUSDm,1.00011,1.00045,0,0,0,0,-4.37
103676300,2022-08-22T07:58:42.543000,2022-08-22T08:07:16.874000,sell,0.13,GBPUSDm,1.17945,1.17987,0,0,0,0,-5.46
103661295,2022-08-22T07:53:33.596000,2022-08-22T07:58:12.883000,sell,0.11,GBPUSDm,1.179,1.1799,0,0,0,0,-9.9
103220763,2022-08-22T03:03:27.775000,2022-08-22T07:52:08.562000,buy,0.15,GBPUSDm,1.18291,1.17937,0,0,0,0,-53.1
103036062,2022-08-21T23:33:11.101000,2022-08-22T07:44:41.225000,buy,0.21,EURUSDm,1.0036,1.00225,0,0,0,0,-28.39
103036824,2022-08-21T23:34:27.240000,2022-08-22T02:23:06.782000,buy,0.5,AUDUSDm,0.68752,0.68887,0,0,0,0,67.6
100708215,2022-08-19T01:00:26.006000,2022-08-19T11:08:11.990000,buy,0.17,AUDUSDm,0.69022,0.68877,0,0,0,0,-24.65
101549432,2022-08-19T10:23:15.405000,2022-08-19T11:08:02.423000,buy,0.13,GBPUSDm,1.18605,1.18327,0,0,0,0,-36.14
101379620,2022-08-19T08:20:22.367000,2022-08-19T10:06:56.528000,buy,0.17,GBPUSDm,1.1882,1.1852,0,0,0,0,-51
101346500,2022-08-19T07:54:51.518000,2022-08-19T08:19:41.771000,buy,0.17,GBPUSDm,1.19133,1.18821,0,0,0,0,-53.04
99732209,2022-08-18T10:14:22.269000,2022-08-18T18:19:40.830000,sell,0.01,XAUUSDm,1770.1,1758.791,0,0,0,0,11.31
99678934,2022-08-18T09:31:55.154000,2022-08-18T10:12:48.208000,sell,0.21,GBPUSDm,1.20431,1.20789,0,0,0,0,-75.18
99587031,2022-08-18T08:12:05.694000,2022-08-18T09:07:16.128000,sell,0.03,GBPUSDm,1.20389,1.2059,0,0,0,0,-6.03
99522839,2022-08-18T07:22:56.285000,2022-08-18T09:07:16.127000,sell,0.2,GBPUSDm,1.20089,1.2059,0,0,0,0,-100.2
98922893,2022-08-17T18:10:52.837000,2022-08-18T06:54:02.527000,buy,0.23,EURUSDm,1.01888,1.01519,0,0,0,0,-84.87
98932618,2022-08-17T18:14:41.923000,2022-08-18T06:35:40.293000,buy,0.23,AUDUSDm,0.69526,0.69105,0,0,0,0,-96.83
98030227,2022-08-17T09:29:08.877000,2022-08-17T18:09:33.645000,sell,0.18,GBPUSDm,1.20961,1.2071,0,0,0,0,45.18
98638720,2022-08-17T14:53:58.138000,2022-08-17T18:09:29.274000,sell,0.23,EURUSDm,1.01658,1.01924,0,0,0,0,-61.18
97974757,2022-08-17T08:35:37.417000,2022-08-17T11:20:53.872000,buy,0.25,AUDUSDm,0.69806,0.69398,0,0,0,0,-102
97758869,2022-08-17T07:12:14.840000,2022-08-17T08:35:07.041000,sell,0.2,GBPUSDm,1.20957,1.21172,0,0,0,0,-43
97452944,2022-08-17T01:55:23.036000,2022-08-17T06:37:46.365000,sell,0.25,USDCADm,1.28518,1.28509,0,0,0,0,1.75
97450388,2022-08-17T01:50:41.094000,2022-08-17T06:37:41.537000,buy,0.3,AUDUSDm,0.69993,0.69963,0,0,0,0,-9
97445749,2022-08-17T01:42:52.949000,2022-08-17T01:49:58.888000,sell,0.1,GBPUSDm,1.21043,1.21064,0,0,0,0,-2.1
97447373,2022-08-17T01:45:37.798000,2022-08-17T01:49:55.036000,buy,0.35,USDCADm,1.28586,1.28538,0,0,0,0,-13.07
97443704,2022-08-17T01:40:20.654000,2022-08-17T01:42:14.612000,sell,0.1,GBPUSDm,1.21045,1.21079,0,0,0,0,-3.4
96660161,2022-08-16T11:14:16.175000,2022-08-17T01:38:07.200000,buy,0.06,EURUSDm,1.01313,1.01678,0,0,0,0,21.9
96679569,2022-08-16T11:34:32.495000,2022-08-17T01:38:02.086000,sell,0.2,USDCADm,1.29085,1.28595,0,0,0,0,76.21
96611002,2022-08-16T10:13:08.959000,2022-08-17T01:30:03.903000,buy,0.15,AUDUSDm,0.70007,0.70119,0,0,0,0,16.8
96463632,2022-08-16T07:32:37.433000,2022-08-16T09:45:27.580000,buy,0.35,GBPUSDm,1.20293,1.20272,0,0,0,0,-7.35
96454279,2022-08-16T07:23:51.837000,2022-08-16T07:32:07.286000,sell,0.25,XAUUSDm,1777.575,1778.36,0,0,0,0,-19.62
96375613,2022-08-16T06:14:57.315000,2022-08-16T07:23:15.745000,buy,0.16,GBPUSDm,1.20444,1.20075,0,0,0,0,-59.04
96383278,2022-08-16T06:22:51.306000,2022-08-16T07:21:47.248000,buy,0.29,AUDUSDm,0.70233,0.69909,0,0,0,0,-93.96
96290027,2022-08-16T03:44:30.851000,2022-08-16T06:20:19.041000,buy,0.23,AUDUSDm,0.70224,0.7025,0,0,0,0,5.98
96146710,2022-08-16T00:47:26.758000,2022-08-16T03:43:46.432000,buy,0.22,GBPUSDm,1.20438,1.205,0,0,0,0,13.64
95645741,2022-08-15T13:19:25.542000,2022-08-16T03:36:38.995000,buy,0.26,AUDUSDm,0.70246,0.7025,0,0,0,0,1.04
96172755,2022-08-16T01:05:50.087000,2022-08-16T02:50:04.557000,sell,0.03,US30m,33890.2,33944,0,0,0,0,-1.61
95643515,2022-08-15T13:17:33.491000,2022-08-16T00:43:04.961000,sell,0.14,USDCADm,1.2924,1.29207,0,0,0,0,3.58
95180874,2022-08-15T09:00:05.235000,2022-08-15T09:35:51.188000,buy,0.16,EURUSDm,1.0207,1.01879,0,0,0,0,-30.56
95183418,2022-08-15T09:02:33.708000,2022-08-15T09:35:47.412000,buy,0.16,GBPUSDm,1.20796,1.20517,0,0,0,0,-44.64
94761968,2022-08-15T06:13:20.779000,2022-08-15T09:14:07.006000,buy,0.18,GBPUSDm,1.21157,1.20632,0,0,0,0,-94.5
94441001,2022-08-15T00:26:50.536000,2022-08-15T09:02:26.351000,sell,0.01,XAUUSDm,1799.317,1783.717,0,0,0,0,15.6
95182743,2022-08-15T09:01:52.716000,2022-08-15T09:02:08.375000,sell,0.16,GBPUSDm,1.20771,1.20779,0,0,0,0,-1.28
94765962,2022-08-15T06:16:14.973000,2022-08-15T08:55:42.365000,buy,0.24,EURUSDm,1.02444,1.02049,0,0,0,0,-94.8
92182635,2022-08-12T04:33:56.164000,2022-08-12T17:07:04.048000,sell,0.01,XAUUSDm,1791.725,1800.978,0,0,0,0,-9.25
92619275,2022-08-12T12:38:34.090000,2022-08-12T17:06:23.506000,sell,0.01,XAUUSDm,1791.212,1799.884,0,0,0,0,-8.67
92252156,2022-08-12T06:56:42.264000,2022-08-12T10:52:39.718000,sell,0.12,GBPUSDm,1.22034,1.21215,0,0,0,0,98.28
91637721,2022-08-11T12:35:46.566000,2022-08-12T05:26:07.108000,sell,0.26,GBPUSDm,1.22154,1.22,0,0,0,0,40.04
91638956,2022-08-11T12:35:55.115000,2022-08-12T04:07:36.651000,sell,0.24,EURUSDm,1.03328,1.032,0,0,0,0,30.72
91595906,2022-08-11T12:21:49.733000,2022-08-11T12:35:18.536000,buy,0.26,EURUSDm,1.03406,1.03319,0,0,0,0,-22.62
91593955,2022-08-11T12:30:22.420000,2022-08-11T12:35:15.363000,buy,0.24,GBPUSDm,1.224,1.22178,0,0,0,0,-53.28
91566589,2022-08-11T11:57:08.093000,2022-08-11T12:17:15.985000,sell,0.01,XAUUSDm,1794.199,1797.063,0,0,0,0,-2.86
91550679,2022-08-11T11:51:06.512000,2022-08-11T12:17:10.648000,sell,0.24,EURUSDm,1.033,1.03368,0,0,0,0,-16.32
91561393,2022-08-11T11:50:13.803000,2022-08-11T12:17:07.571000,sell,0.25,AUDUSDm,0.71104,0.71152,0,0,0,0,-12
91379023,2022-08-11T07:06:08.062000,2022-08-11T11:40:21.571000,sell,0.18,GBPUSDm,1.22232,1.2222,0,0,0,0,2.16
91399806,2022-08-11T07:28:09.326000,2022-08-11T11:38:45.531000,sell,0.25,AUDUSDm,0.70965,0.71116,0,0,0,0,-37.75
91108143,2022-08-11T01:03:27.800000,2022-08-11T11:38:45.528000,sell,0.25,AUDUSDm,0.70754,0.71116,0,0,0,0,-90.5
91156629,2022-08-11T02:02:03.275000,2022-08-11T09:32:32.954000,sell,0.01,XAUUSDm,1787.245,1790.071,0,0,0,0,-2.82
89796657,2022-08-09T16:46:44.387000,2022-08-10T13:04:01.672000,buy,0.11,GBPUSDm,1.20782,1.22263,0,0,0,0,162.91
89686743,2022-08-09T14:40:30.383000,2022-08-10T13:03:58.181000,buy,0.07,EURUSDm,1.0231,1.03253,0,0,0,0,66.01
89308354,2022-08-09T09:09:34.779000,2022-08-10T13:03:55.026000,buy,0.09,AUDUSDm,0.69932,0.70581,0,0,0,0,58.41
89307423,2022-08-09T09:08:08.016000,2022-08-10T13:03:51.386000,buy,0.11,GBPUSDm,1.21286,1.22294,0,0,0,0,110.88
89306534,2022-08-09T09:06:46.903000,2022-08-09T16:45:26.828000,buy,0.01,XAUUSDm,1791.803,1795.262,0,0,0,0,3.46
88720126,2022-08-08T15:46:48.171000,2022-08-09T09:08:41.924000,sell,0.09,AUDUSDm,0.69858,0.69942,0,0,0,0,-7.56
88592144,2022-08-08T13:40:29.121000,2022-08-09T09:07:30.275000,sell,0.09,GBPUSDm,1.21163,1.2124,0,0,0,0,-6.97
88321440,2022-08-08T07:32:05.144000,2022-08-09T09:07:23.344000,sell,0.04,GBPUSDm,1.21054,1.21239,0,0,0,0,-7.4
88503223,2022-08-08T12:06:02.592000,2022-08-09T09:05:33.284000,sell,0.01,XAUUSDm,1783.533,1791.165,0,0,0,0,-7.64
88692647,2022-08-08T15:11:43.669000,2022-08-09T09:02:04.586000,buy,0.1,USDCADm,1.28453,1.28506,0,0,0,0,4.12
88081375,2022-08-08T00:47:58.294000,2022-08-08T06:13:48.615000,buy,0.22,AUDUSDm,0.69088,0.69309,0,0,0,0,48.62
87215626,2022-08-05T06:43:31.033000,2022-08-05T12:44:58.359000,buy,0.15,GBPUSDm,1.21528,1.20661,0,0,0,0,-130.05
86772984,2022-08-04T13:45:36.823000,2022-08-05T12:30:20.875000,buy,0.3,AUDUSDm,0.69593,0.691,0,0,0,0,-147.9
86772833,2022-08-04T13:45:32.182000,2022-08-05T12:30:08.322000,sell,0.3,USDCADm,1.28605,1.29087,0,0,0,0,-112.02
86880476,2022-08-04T15:23:03.477000,2022-08-04T15:48:56.331000,buy,0.18,GBPUSDm,1.21407,1.2132,0,0,0,0,-15.66
86761738,2022-08-04T13:36:44.522000,2022-08-04T13:45:23.028000,buy,0.3,USDCADm,1.28656,1.28631,0,0,0,0,-5.83
86764545,2022-08-04T13:39:15.388000,2022-08-04T13:45:18.750000,sell,0.2,AUDUSDm,0.6945,0.69578,0,0,0,0,-25.6
86747685,2022-08-04T13:24:19.555000,2022-08-04T13:36:37.433000,sell,0.3,USDCADm,1.28624,1.28685,0,0,0,0,-14.22
86650838,2022-08-04T12:06:00.747000,2022-08-04T13:20:10.959000,sell,0.19,USDCADm,1.28348,1.28648,0,0,0,0,-44.31
86581120,2022-08-04T11:09:32.834000,2022-08-04T11:52:13.538000,buy,0.2,GBPUSDm,1.21039,1.20711,0,0,0,0,-65.6
86576755,2022-08-04T11:05:01.003000,2022-08-04T11:52:10.554000,buy,0.3,GBPUSDm,1.21302,1.20727,0,0,0,0,-172.5
86533723,2022-08-04T10:04:52.166000,2022-08-04T11:52:07.264000,buy,0.3,EURUSDm,1.01914,1.01629,0,0,0,0,-85.5
86533212,2022-08-04T10:04:18.346000,2022-08-04T11:08:25.818000,buy,0.3,AUDUSDm,0.69828,0.69846,0,0,0,0,5.4
86533098,2022-08-04T10:04:12.916000,2022-08-04T11:04:46.957000,buy,0.3,GBPUSDm,1.21876,1.21343,0,0,0,0,-159.9
86473294,2022-08-04T08:24:06.104000,2022-08-04T10:04:06.507000,sell,0.3,AUDUSDm,0.69675,0.69824,0,0,0,0,-44.7
86461496,2022-08-04T08:05:16.902000,2022-08-04T10:04:02.641000,sell,0.3,GBPUSDm,1.21647,1.21877,0,0,0,0,-69
86474610,2022-08-04T08:26:31.007000,2022-08-04T09:50:04.481000,buy,0.2,USDCADm,1.28479,1.28311,0,0,0,0,-26.19
86444819,2022-08-04T07:27:49.163000,2022-08-04T08:04:35.175000,buy,0.3,GBPUSDm,1.21719,1.21626,0,0,0,0,-27.9
86445057,2022-08-04T07:28:21.590000,2022-08-04T08:04:30.660000,sell,0.3,USDCADm,1.28436,1.28458,0,0,0,0,-5.14
86444646,2022-08-04T07:27:30.233000,2022-08-04T08:04:27.179000,buy,0.3,AUDUSDm,0.6974,0.69681,0,0,0,0,-17.7
86412613,2022-08-04T06:37:44.312000,2022-08-04T07:27:21.192000,buy,0.3,USDCADm,1.28545,1.28431,0,0,0,0,-26.63
86410471,2022-08-04T06:33:55.497000,2022-08-04T07:26:05.221000,sell,0.3,GBPUSDm,1.21372,1.21725,0,0,0,0,-105.9
85914900,2022-08-03T14:07:07.850000,2022-08-03T14:44:37.104000,buy,0.2,USDCADm,1.2857,1.28675,0,0,0,0,16.32
85776023,2022-08-03T12:08:12.185000,2022-08-03T14:44:37.103000,buy,0.3,USDCADm,1.28426,1.28675,0,0,0,0,58.05
85777225,2022-08-03T12:09:38.917000,2022-08-03T14:06:11.658000,sell,0.2,GBPUSDm,1.21835,1.21301,0,0,0,0,106.8
85648642,2022-08-03T07:47:00.801000,2022-08-03T14:06:07.813000,sell,0.3,GBPUSDm,1.2187,1.21286,0,0,0,0,175.2
85714247,2022-08-03T10:17:54.993000,2022-08-03T12:03:14.635000,buy,0.2,USDCADm,1.28525,1.28351,0,0,0,0,-27.11
85581849,2022-08-03T06:25:01.789000,2022-08-03T08:24:03.531000,buy,0.2,USDCADm,1.28594,1.28639,0,0,0,0,7
85580554,2022-08-03T06:22:22.091000,2022-08-03T07:24:18.680000,sell,0.3,GBPUSDm,1.21787,1.21995,0,0,0,0,-62.4
85463902,2022-08-03T02:50:48.976000,2022-08-03T06:00:14.019000,buy,0.2,AUDUSDm,0.69192,0.693,0,0,0,0,21.6
84850627,2022-08-02T13:39:08.176000,2022-08-02T14:39:34.815000,buy,0.2,USDCADm,1.28555,1.287,0,0,0,0,22.53
84758305,2022-08-02T12:37:55.526000,2022-08-02T13:25:36.126000,sell,0.2,XAUUSDm,1786.278,1777.075,0,0,0,0,184.06
84713194,2022-08-02T12:21:28.338000,2022-08-02T13:25:32.446000,sell,0.2,XAUUSDm,1781.418,1777.088,0,0,0,0,86.6
84708585,2022-08-02T12:18:14.085000,2022-08-02T12:21:04.406000,sell,0.2,XAUUSDm,1778.832,1781.5,0,0,0,0,-53.36
84670869,2022-08-02T11:34:25.878000,2022-08-02T12:16:31.937000,sell,0.2,XAUUSDm,1778.281,1780.5,0,0,0,0,-44.38
84622041,2022-08-02T10:48:00.726000,2022-08-02T12:16:31.918000,sell,0.1,XAUUSDm,1774,1780.5,0,0,0,0,-65
83489928,2022-08-01T10:01:01.263000,2022-08-02T11:02:41.496000,sell,0.3,GBPUSDm,1.22441,1.22075,0,0,0,0,109.8
84180220,2022-08-02T01:38:40.647000,2022-08-02T11:02:41.493000,sell,0.2,GBPUSDm,1.2267,1.22075,0,0,0,0,119
84168732,2022-08-02T01:25:26.754000,2022-08-02T04:36:26.219000,sell,0.3,AUDUSDm,0.7019,0.69938,0,0,0,0,75.6
83635156,2022-08-01T12:49:45.923000,2022-08-02T00:38:38.789000,sell,0.1,XAUUSDm,1767.332,1777.056,0,0,0,0,-97.24
83406375,2022-08-01T08:24:27.615000,2022-08-01T09:45:46.064000,sell,0.2,GBPUSDm,1.22019,1.22562,0,0,0,0,-108.6
83192829,2022-08-01T04:09:06.061000,2022-08-01T08:16:21.915000,sell,0.2,GBPUSDm,1.21797,1.22109,0,0,0,0,-62.4
82179417,2022-07-29T14:45:07.872000,2022-07-31T23:03:05.673000,buy,0.2,AUDUSDm,0.69577,0.6978,0,0,0,0,40.6
82070356,2022-07-29T13:04:27.864000,2022-07-29T14:43:54.539000,sell,0.1,XAUUSDm,1757.706,1759.298,0,0,0,0,-15.92
81999928,2022-07-29T11:56:33.251000,2022-07-29T13:04:20.060000,buy,0.1,XAUUSDm,1761.328,1757.173,0,0,0,0,-41.55
81795229,2022-07-29T06:58:40.973000,2022-07-29T08:24:32.668000,sell,0.17,GBPUSDm,1.22322,1.217,0,0,0,0,105.74
81657212,2022-07-29T04:32:36.368000,2022-07-29T05:37:58.053000,sell,0.14,XAUUSDm,1761.419,1764,0,0,0,0,-36.13
81418222,2022-07-28T22:42:53.670000,2022-07-29T04:03:00.247000,sell,0.15,AUDUSDm,0.69926,0.70092,0,0,0,0,-24.9
81110617,2022-07-28T13:29:12.229000,2022-07-29T03:55:03.800000,sell,0.2,XAUUSDm,1752.588,1764.222,0,0,0,0,-232.68
81037015,2022-07-28T12:36:34.824000,2022-07-28T13:28:39.633000,sell,0.1,XAUUSDm,1743.95,1752.966,0,0,0,0,-90.16
80668244,2022-07-28T06:51:29.398000,2022-07-28T11:21:36.563000,sell,0.17,GBPUSDm,1.2158,1.21069,0,0,0,0,86.87
80651856,2022-07-28T06:33:47.504000,2022-07-28T11:21:27.612000,sell,0.3,AUDUSDm,0.70082,0.69675,0,0,0,0,122.1
80342144,2022-07-27T23:57:16.548000,2022-07-28T06:32:19.947000,sell,0.3,AUDUSDm,0.69955,0.7004,0,0,0,0,-25.5
79451866,2022-07-27T02:12:54.353000,2022-07-27T18:40:41.779000,sell,0.4,XAUUSDm,1716.518,1731.487,0,0,0,0,-598.76
79573300,2022-07-27T06:10:02.036000,2022-07-27T18:40:14.781000,sell,0.1,GBPUSDm,1.20565,1.21,0,0,0,0,-43.5
79412980,2022-07-27T01:05:17.778000,2022-07-27T02:12:48.106000,buy,0.4,XAUUSDm,1719.836,1716.57,0,0,0,0,-130.64
79148170,2022-07-26T14:04:35.398000,2022-07-27T01:05:01.885000,sell,0.15,XAUUSDm,1718.413,1719.562,0,0,0,0,-17.23
79148003,2022-07-26T14:04:28.498000,2022-07-27T01:04:51.753000,sell,0.15,XAGUSDm,18.619,18.722,0,0,0,-0.45,-77.25
79168879,2022-07-26T14:28:30.450000,2022-07-26T14:43:33.892000,sell,0.1,USDCADm,1.2884,1.28754,0,0,0,0,6.68
79120731,2022-07-26T13:37:25.766000,2022-07-26T14:04:15.530000,buy,0.1,XAUUSDm,1721.498,1718.502,0,0,0,0,-29.96
79120171,2022-07-26T13:36:51.491000,2022-07-26T14:04:08.881000,buy,0.1,XAGUSDm,18.681,18.614,0,0,0,0,-33.5
79029656,2022-07-26T11:58:13.047000,2022-07-26T13:37:20.295000,sell,0.05,XAUUSDm,1717.412,1721.259,0,0,0,0,-19.24
79114211,2022-07-26T13:32:12.050000,2022-07-26T13:36:35.028000,sell,0.05,XAGUSDm,18.621,18.691,0,0,0,0,-17.5
78919651,2022-07-26T08:36:50.472000,2022-07-26T10:15:01.358000,sell,0.3,AUDUSDm,0.69569,0.69399,0,0,0,0,51
78919722,2022-07-26T08:36:59.670000,2022-07-26T10:14:39.636000,sell,0.2,GBPUSDm,1.20337,1.19981,0,0,0,0,71.2
78919562,2022-07-26T08:36:41.932000,2022-07-26T09:26:40.313000,buy,0.3,USDCADm,1.28341,1.28563,0,0,0,0,51.8
78901388,2022-07-26T08:00:16.642000,2022-07-26T08:36:30.747000,buy,0.1,GBPUSDm,1.20459,1.20327,0,0,0,0,-13.2
78888577,2022-07-26T07:35:50.252000,2022-07-26T08:36:26.841000,sell,0.2,USDCADm,1.28178,1.2834,0,0,0,0,-25.25
78889223,2022-07-26T07:37:24.268000,2022-07-26T08:36:23.017000,buy,0.2,AUDUSDm,0.69719,0.6957,0,0,0,0,-29.8
78592418,2022-07-25T23:06:58.379000,2022-07-26T07:37:12.176000,sell,0.1,AUDUSDm,0.6953,0.6972,0,0,0,0,-19
78366123,2022-07-25T14:29:33.170000,2022-07-26T06:02:27.811000,buy,0.1,USDCADm,1.28639,1.28221,0,0,0,0,-32.6
78193743,2022-07-25T11:58:59.286000,2022-07-25T14:24:15.411000,sell,0.05,XAUUSDm,1726.356,1717.625,0,0,0,0,43.65
77981693,2022-07-25T08:07:34.809000,2022-07-25T09:45:41.837000,buy,0.2,AUDUSDm,0.69281,0.69536,0,0,0,0,51
77980564,2022-07-25T08:06:21.200000,2022-07-25T09:11:06.366000,buy,0.1,GBPUSDm,1.20053,1.20432,0,0,0,0,37.9
77554150,2022-07-25T00:00:28.283000,2022-07-25T08:07:03.840000,sell,0.1,AUDUSDm,0.69006,0.69277,0,0,0,0,-27.1
76674155,2022-07-22T13:15:06.582000,2022-07-22T13:45:50.567000,buy,0.05,XAUUSDm,1726.777,1731.703,0,0,0,0,24.63
76423373,2022-07-22T08:28:57.618000,2022-07-22T13:40:34.160000,sell,0.2,USDCADm,1.28736,1.28416,0,0,0,0,49.84
76641207,2022-07-22T12:37:02.937000,2022-07-22T13:15:00.216000,sell,0.05,XAUUSDm,1725.059,1726.707,0,0,0,0,-8.24
76400343,2022-07-22T07:58:59.723000,2022-07-22T09:10:52.509000,buy,0.1,GBPUSDm,1.19279,1.19643,0,0,0,0,36.4
75526222,2022-07-21T15:05:25.527000,2022-07-22T08:28:48.888000,buy,0.2,USDCADm,1.28857,1.28744,0,0,0,0,-17.55
75959403,2022-07-21T23:22:40.834000,2022-07-22T04:56:29.634000,sell,0.1,AUDUSDm,0.69262,0.69032,0,0,0,0,23
75446492,2022-07-21T14:30:10.601000,2022-07-21T15:04:34.601000,buy,0.1,USDCADm,1.29373,1.28831,0,0,0,0,-42.07
74872793,2022-07-21T11:56:10.756000,2022-07-21T12:48:20.396000,buy,0.05,XAUUSDm,1684.95,1702.169,0,0,0,0,86.1
74872511,2022-07-21T11:55:52.836000,2022-07-21T11:55:58.925000,buy,0.5,XAUUSDm,1685.018,1684.823,0,0,0,0,-9.75
74639474,2022-07-21T07:51:54.422000,2022-07-21T08:13:11.529000,sell,0.5,GBPUSDm,1.19447,1.19243,0,0,0,0,102
74622648,2022-07-21T07:41:18.738000,2022-07-21T07:51:01.672000,buy,0.2,GBPUSDm,1.19647,1.19437,0,0,0,0,-42
74248370,2022-07-21T02:05:27.584000,2022-07-21T07:50:52.138000,buy,0.5,GBPUSDm,1.19846,1.19446,0,0,0,0,-200
74248606,2022-07-21T02:05:44.726000,2022-07-21T05:08:47.365000,buy,0.2,AUDUSDm,0.68926,0.69148,0,0,0,0,44.4
73680034,2022-07-20T14:22:21.619000,2022-07-21T02:05:34.342000,buy,0.1,USDCADm,1.28916,1.28779,0,0,0,0,-10.64
73675161,2022-07-20T14:17:10.375000,2022-07-21T02:05:15.425000,sell,0.5,GBPUSDm,1.19802,1.19848,0,0,0,0,-23
73664697,2022-07-20T14:07:26.108000,2022-07-20T14:16:57.358000,buy,0.5,GBPUSDm,1.19802,1.19802,0,0,0,0,0
73586046,2022-07-20T13:18:04.931000,2022-07-20T14:06:46.995000,buy,0.4,GBPUSDm,1.19905,1.19753,0,0,0,0,-60.8
73630897,2022-07-20T13:44:52.385000,2022-07-20T13:46:24.586000,buy,0.05,XAUUSDm,1710.259,1709.087,0,0,0,0,-5.86
73577930,2022-07-20T13:10:10.414000,2022-07-20T13:30:24.493000,buy,0.1,XAUUSDm,1709.092,1714.069,0,0,0,0,49.77
73548372,2022-07-20T12:42:28.491000,2022-07-20T13:17:56.077000,sell,0.3,GBPUSDm,1.19643,1.19909,0,0,0,0,-79.8
73549513,2022-07-20T12:43:35.429000,2022-07-20T13:10:01.056000,sell,0.1,XAUUSDm,1709.5,1708.756,0,0,0,0,7.44
73440990,2022-07-20T10:36:32.934000,2022-07-20T12:42:20.721000,buy,0.1,GBPUSDm,1.19871,1.19637,0,0,0,0,-23.4
73359232,2022-07-20T08:35:19.218000,2022-07-20T12:42:16.371000,buy,0.2,GBPUSDm,1.20077,1.19646,0,0,0,0,-86.2
73468748,2022-07-20T10:57:00.792000,2022-07-20T12:32:27.604000,buy,0.05,XAUUSDm,1708.389,1711.054,0,0,0,0,13.32
73349375,2022-07-20T08:16:09.543000,2022-07-20T08:35:14.137000,sell,0.2,GBPUSDm,1.20054,1.20073,0,0,0,0,-3.8
73347448,2022-07-20T08:12:49.175000,2022-07-20T08:16:02.239000,buy,0.15,GBPUSDm,1.20094,1.20041,0,0,0,0,-7.95
73342721,2022-07-20T08:05:14.144000,2022-07-20T08:12:42.256000,sell,0.1,GBPUSDm,1.20045,1.20091,0,0,0,0,-4.6
73135091,2022-07-20T03:20:59.071000,2022-07-20T06:05:34.565000,buy,0.1,GBPUSDm,1.20289,1.20195,0,0,0,0,-9.4
73054878,2022-07-19T23:09:11.052000,2022-07-20T06:05:29.831000,buy,0.1,AUDUSDm,0.69032,0.69107,0,0,0,0,7.5
72827370,2022-07-19T14:34:59.754000,2022-07-19T19:39:28.432000,buy,0.1,USDCADm,1.291,1.28763,0,0,0,0,-26.17
72625613,2022-07-19T12:17:49.138000,2022-07-19T19:38:55.285000,sell,0.1,GBPUSDm,1.20117,1.19962,0,0,0,0,15.5
72607151,2022-07-19T11:56:39.102000,2022-07-19T19:38:21.372000,sell,0.05,XAGUSDm,18.816,18.776,0,0,0,0,10
72606071,2022-07-19T11:55:31.166000,2022-07-19T12:23:41.398000,sell,0.05,XAUUSDm,1714.537,1710.046,0,0,0,0,22.46
72412345,2022-07-19T08:00:12.494000,2022-07-19T11:55:52.350000,buy,0.1,GBPUSDm,1.20095,1.20177,0,0,0,0,8.2
72473324,2022-07-19T09:21:34.420000,2022-07-19T10:53:10.129000,buy,0.05,XAUUSDm,1712.549,1715.974,0,0,0,0,17.12
72025729,2022-07-18T23:02:26.309000,2022-07-19T02:59:33.484000,buy,0.1,AUDUSDm,0.68099,0.68252,0,0,0,0,15.3
71789650,2022-07-18T15:06:36.177000,2022-07-18T19:49:08.932000,sell,0.2,XAUUSDm,1712.967,1706.977,0,0,0,0,119.8
71711340,2022-07-18T13:47:30.489000,2022-07-18T15:06:25.081000,buy,0.05,XAUUSDm,1716.88,1713.026,0,0,0,0,-19.27
71693578,2022-07-18T13:35:31.580000,2022-07-18T15:06:21.296000,buy,0.1,XAUUSDm,1720.141,1713.063,0,0,0,0,-70.78
71695958,2022-07-18T13:36:43.713000,2022-07-18T14:59:37.019000,buy,0.3,GBPUSDm,1.1993,1.20239,0,0,0,0,92.7
71431277,2022-07-18T08:01:39.041000,2022-07-18T13:36:36.750000,sell,0.1,GBPUSDm,1.19494,1.19937,0,0,0,0,-44.3
71533491,2022-07-18T10:24:55.050000,2022-07-18T13:36:31.583000,sell,0.2,GBPUSDm,1.19863,1.1993,0,0,0,0,-13.4
71595529,2022-07-18T12:00:02.646000,2022-07-18T13:35:20.982000,sell,0.05,XAUUSDm,1715.457,1720.676,0,0,0,0,-26.09
70245073,2022-07-15T12:35:39.512000,2022-07-15T13:14:53.898000,buy,0.15,XAUUSDm,1704.121,1713.503,0,0,0,0,140.73
70245538,2022-07-15T12:35:46.738000,2022-07-15T13:06:24.128000,buy,0.3,GBPUSDm,1.18225,1.18634,0,0,0,0,122.7
70242234,2022-07-15T12:34:25.583000,2022-07-15T12:35:31.476000,sell,0.1,XAUUSDm,1700.456,1702.976,0,0,0,0,-25.2
70185309,2022-07-15T11:33:21.150000,2022-07-15T12:35:02.855000,buy,0.2,GBPUSDm,1.18387,1.18114,0,0,0,0,-54.6
70205201,2022-07-15T12:03:17.166000,2022-07-15T12:34:18.141000,buy,0.05,XAUUSDm,1706.089,1700.574,0,0,0,0,-27.58
70043277,2022-07-15T07:55:08.307000,2022-07-15T11:33:15.523000,sell,0.1,GBPUSDm,1.18335,1.18379,0,0,0,0,-4.4
69129665,2022-07-14T14:14:09.634000,2022-07-15T02:06:03.881000,buy,0.2,XAUUSDm,1703.255,1715.088,0,0,0,0,236.66
69127216,2022-07-14T14:12:46.048000,2022-07-15T02:05:59.469000,buy,0.25,XAUUSDm,1704.23,1715.085,0,0,0,0,271.38
69118002,2022-07-14T14:06:31.991000,2022-07-14T14:12:27.186000,sell,0.3,GBPUSDm,1.17851,1.17865,0,0,0,0,-4.2
69118753,2022-07-14T14:06:56.632000,2022-07-14T14:12:23.028000,sell,0.15,XAGUSDm,18.161,18.224,0,0,0,0,-47.25
69118389,2022-07-14T14:06:43.096000,2022-07-14T14:12:19.511000,sell,0.2,XAUUSDm,1698.767,1702.851,0,0,0,0,-81.68
69006543,2022-07-14T13:27:52.739000,2022-07-14T14:06:20.197000,buy,0.05,XAGUSDm,18.363,18.149,0,0,0,0,-53.5
69027502,2022-07-14T13:33:52.757000,2022-07-14T14:06:16.219000,buy,0.1,XAUUSDm,1704.488,1698.706,0,0,0,0,-57.82
69092900,2022-07-14T13:54:17.751000,2022-07-14T14:06:11.505000,buy,0.05,XAGUSDm,18.318,18.146,0,0,0,0,-43
69034245,2022-07-14T13:36:42.255000,2022-07-14T14:06:07.336000,buy,0.3,GBPUSDm,1.17736,1.17898,0,0,0,0,48.6
68788552,2022-07-14T11:08:31.762000,2022-07-14T13:35:26.222000,buy,0.2,GBPUSDm,1.18248,1.17761,0,0,0,0,-97.4
68847743,2022-07-14T12:05:05.969000,2022-07-14T13:32:45.503000,buy,0.05,XAUUSDm,1713.152,1703.034,0,0,0,0,-50.59
68600957,2022-07-14T08:01:58.953000,2022-07-14T11:02:17.777000,buy,0.1,GBPUSDm,1.18675,1.18191,0,0,0,0,-48.4
68131857,2022-07-13T23:13:20.662000,2022-07-14T02:44:42.935000,buy,0.1,AUDUSDm,0.67434,0.67733,0,0,0,0,29.9
67644042,2022-07-13T13:06:04.810000,2022-07-13T14:43:01.850000,buy,0.05,XAGUSDm,19.023,19.178,0,0,0,0,38.75
67738281,2022-07-13T13:40:30.939000,2022-07-13T14:00:00.600000,sell,0.1,USDCADm,1.30173,1.29738,0,0,0,0,33.53
67510938,2022-07-13T12:36:32.876000,2022-07-13T13:15:07.982000,buy,0.1,XAUUSDm,1712.928,1719.813,0,0,0,0,68.85
67406265,2022-07-13T11:59:51.420000,2022-07-13T12:33:00.647000,buy,0.05,XAUUSDm,1729.562,1720.6,0,0,0,0,-44.81
67287523,2022-07-13T07:54:47.742000,2022-07-13T12:01:32.322000,buy,0.1,GBPUSDm,1.19061,1.19343,0,0,0,0,28.2
67147602,2022-07-13T04:21:10.432000,2022-07-13T11:59:59.026000,buy,0.2,AUDUSDm,0.6773,0.67932,0,0,0,0,40.4
67281891,2022-07-13T07:52:53.801000,2022-07-13T08:42:17.860000,buy,0.2,EURUSDm,1.00173,1.00324,0,0,0,0,30.2
67221909,2022-07-13T06:38:11.434000,2022-07-13T07:27:57.371000,buy,0.1,EURUSDm,1.00452,1.00081,0,0,0,0,-37.1
67034455,2022-07-13T00:00:03.221000,2022-07-13T04:20:59.384000,sell,0.1,AUDUSDm,0.67464,0.67733,0,0,0,0,-26.9
67023606,2022-07-12T23:32:12.103000,2022-07-12T23:59:53.280000,buy,0.1,AUDUSDm,0.6754,0.67452,0,0,0,0,-8.8
66854752,2022-07-12T14:54:54.273000,2022-07-12T15:38:41.048000,buy,0.15,XAUUSDm,1729.848,1732.806,0,0,0,0,44.37
66859649,2022-07-12T15:02:36.060000,2022-07-12T15:38:24.146000,buy,0.15,XAGUSDm,18.983,19.096,0,0,0,0,84.75
66828258,2022-07-12T14:17:11.099000,2022-07-12T15:12:34.315000,sell,0.1,USDCADm,1.30296,1.29931,0,0,0,0,28.09
66845831,2022-07-12T14:42:03.326000,2022-07-12T14:54:20.574000,sell,0.15,XAGUSDm,18.874,18.934,0,0,0,0,-45
66832832,2022-07-12T14:23:18.806000,2022-07-12T14:41:52.071000,buy,0.1,XAGUSDm,18.949,18.874,0,0,0,0,-37.5
66830053,2022-07-12T14:19:24.928000,2022-07-12T14:40:37.641000,sell,0.1,DXYm,108.054,108.062,0,0,0,0,-0.8
66787613,2022-07-12T13:39:13.456000,2022-07-12T14:21:14.041000,buy,0.05,XAUUSDm,1731.471,1728.248,0,0,0,0,-16.12
66799110,2022-07-12T13:48:59.815000,2022-07-12T14:18:58.317000,buy,0.05,XAGUSDm,18.945,18.883,0,0,0,0,-15.5
66708034,2022-07-12T11:56:57.936000,2022-07-12T13:46:00.440000,buy,0.1,XAGUSDm,18.895,18.907,0,0,0,0,6
66628715,2022-07-12T09:49:03.894000,2022-07-12T11:21:31.236000,buy,0.3,GBPUSDm,1.18235,1.187,0,0,0,0,139.5
66629578,2022-07-12T09:50:27.257000,2022-07-12T11:18:51.052000,buy,0.1,EURUSDm,1.0008,1.0045,0,0,0,0,37
66626942,2022-07-12T09:44:33.392000,2022-07-12T09:48:57.642000,sell,0.3,GBPUSDm,1.18192,1.18253,0,0,0,0,-18.3
66610062,2022-07-12T09:09:55.916000,2022-07-12T09:44:26.636000,buy,0.3,GBPUSDm,1.1828,1.18192,0,0,0,0,-26.4
66609085,2022-07-12T09:08:43.926000,2022-07-12T09:09:49.192000,sell,0.2,GBPUSDm,1.18201,1.18293,0,0,0,0,-18.4
66608997,2022-07-12T09:08:32.109000,2022-07-12T09:08:37.222000,sell,0.2,XAUUSDm,1735.306,1735.531,0,0,0,0,-4.5
66588443,2022-07-12T08:35:09.532000,2022-07-12T09:08:26.967000,buy,0.1,GBPUSDm,1.1835,1.18213,0,0,0,0,-13.7
66568743,2022-07-12T08:05:53.642000,2022-07-12T08:35:03.370000,sell,0.1,GBPUSDm,1.18293,1.18341,0,0,0,0,-4.8
66180969,2022-07-12T01:13:03.787000,2022-07-12T04:16:08.990000,buy,0.1,AUDUSDm,0.67212,0.6722,0,0,0,0,0.8
64346070,2022-07-08T11:36:51.965000,2022-07-12T01:11:33.310000,buy,0.2,XAUUSDm,1742.018,1725.183,0,0,0,0,-336.7
64256192,2022-07-08T09:10:31.384000,2022-07-08T11:36:39.027000,sell,0.15,XAUUSDm,1735.697,1742.01,0,0,0,0,-94.69
64257279,2022-07-08T09:12:12.243000,2022-07-08T11:36:35.447000,sell,0.2,GBPUSDm,1.1934,1.19971,0,0,0,0,-126.2
64190024,2022-07-08T08:01:28.436000,2022-07-08T09:10:10.330000,buy,0.1,GBPUSDm,1.19375,1.19334,0,0,0,0,-4.1
64005206,2022-07-08T04:58:24.392000,2022-07-08T09:10:02.294000,buy,0.2,AUDUSDm,0.68235,0.681,0,0,0,0,-27
64005106,2022-07-08T04:58:16.017000,2022-07-08T09:09:55.988000,buy,0.1,XAUUSDm,1742.137,1735.328,0,0,0,0,-68.09
63968524,2022-07-08T04:08:56.446000,2022-07-08T04:58:05.587000,sell,0.2,AUDUSDm,0.68225,0.68235,0,0,0,0,-2
63968292,2022-07-08T04:08:48.318000,2022-07-08T04:58:02.228000,sell,0.1,XAUUSDm,1741.868,1742.145,0,0,0,0,-2.77
63727007,2022-07-07T22:57:51.032000,2022-07-08T04:08:37.440000,buy,0.1,AUDUSDm,0.68408,0.68233,0,0,0,0,-17.5
63211501,2022-07-07T12:01:31.940000,2022-07-08T04:08:30.609000,buy,0.05,XAUUSDm,1743.206,1741.862,0,0,0,0,-6.72
63388359,2022-07-07T14:28:40.211000,2022-07-07T23:06:56.047000,sell,0.1,USDCADm,1.29938,1.29724,0,0,0,0,16.5
63211269,2022-07-07T12:01:19.069000,2022-07-07T12:01:23.783000,buy,0.1,XAUUSDm,1743.376,1743.201,0,0,0,0,-1.75
62992607,2022-07-07T07:02:57.685000,2022-07-07T11:05:43.843000,buy,0.1,GBPUSDm,1.19531,1.19845,0,0,0,0,31.4
62691772,2022-07-07T00:14:56.731000,2022-07-07T07:49:55.450000,buy,0.1,AUDUSDm,0.67723,0.68139,0,0,0,0,41.6
62148576,2022-07-06T14:14:33.282000,2022-07-06T15:29:40.293000,buy,0.2,USDCADm,1.30436,1.30623,0,0,0,0,28.63
62139893,2022-07-06T14:11:28.518000,2022-07-06T15:28:39.190000,sell,0.15,XAUUSDm,1755.387,1739.19,0,0,0,0,242.96
62068493,2022-07-06T13:40:59.192000,2022-07-06T14:14:15.226000,sell,0.1,USDCADm,1.30201,1.30462,0,0,0,0,-20.01
61956902,2022-07-06T12:08:14.074000,2022-07-06T14:11:21.019000,buy,0.1,XAUUSDm,1764.532,1755.269,0,0,0,0,-92.63
61896243,2022-07-06T10:56:47.862000,2022-07-06T12:08:04.583000,sell,0.05,XAUUSDm,1760.315,1764.553,0,0,0,0,-21.19
61751048,2022-07-06T08:02:14.884000,2022-07-06T11:36:32.540000,sell,0.1,GBPUSDm,1.19649,1.18942,0,0,0,0,70.7
61477629,2022-07-06T02:42:59.560000,2022-07-06T10:12:45.288000,sell,0.1,AUDUSDm,0.68103,0.67936,0,0,0,0,16.7
61004711,2022-07-05T14:32:49.622000,2022-07-05T23:20:36.427000,sell,0.1,USDCADm,1.30358,1.30315,0,0,0,0,3.3
61092029,2022-07-05T15:46:48.972000,2022-07-05T23:20:31.723000,buy,0.1,AUDUSDm,0.67752,0.67937,0,0,0,0,18.5
60667173,2022-07-05T11:11:59.799000,2022-07-05T13:44:43.110000,sell,0.05,XAUUSDm,1801.193,1790,0,0,0,0,55.97
60436126,2022-07-05T07:09:22.342000,2022-07-05T11:10:57.034000,sell,0.3,AUDUSDm,0.68346,0.67937,0,0,0,0,122.7
60445984,2022-07-05T07:13:25.869000,2022-07-05T11:10:43.514000,sell,0.08,GBPUSDm,1.20798,1.2015,0,0,0,0,51.84
60395871,2022-07-05T06:24:54.598000,2022-07-05T07:09:15.577000,buy,0.2,AUDUSDm,0.68594,0.68346,0,0,0,0,-49.6
60352305,2022-07-05T05:04:38.525000,2022-07-05T06:24:48.037000,sell,0.2,USDCADm,1.2853,1.28495,0,0,0,0,5.45
60353721,2022-07-05T05:07:40.724000,2022-07-05T06:20:19.378000,buy,0.1,AUDUSDm,0.6865,0.68575,0,0,0,0,-7.5
60139058,2022-07-04T22:56:44.834000,2022-07-05T05:04:23.566000,sell,0.1,AUDUSDm,0.68652,0.68629,0,0,0,0,2.3
59983438,2022-07-04T14:30:40.037000,2022-07-05T05:03:13.942000,buy,0.1,USDCADm,1.28776,1.28519,0,0,0,0,-20
59976209,2022-07-04T14:19:39.564000,2022-07-04T22:44:37.670000,sell,0.05,XAUUSDm,1808.477,1808.432,0,0,0,0,0.23
59912809,2022-07-04T12:25:40.863000,2022-07-04T14:18:38.910000,buy,0.1,XAUUSDm,1808.293,1808.439,0,0,0,0,1.46
59744542,2022-07-04T08:03:32.747000,2022-07-04T14:03:55.621000,buy,0.1,GBPUSDm,1.21157,1.21408,0,0,0,0,25.1
59908853,2022-07-04T12:19:58.462000,2022-07-04T12:25:27.025000,sell,0.15,XAUUSDm,1806.046,1808.403,0,0,0,0,-35.36
59908030,2022-07-04T12:19:09.317000,2022-07-04T12:19:46.476000,buy,0.1,XAUUSDm,1806.964,1806.066,0,0,0,0,-8.98
59899702,2022-07-04T12:05:44.364000,2022-07-04T12:19:00.842000,sell,0.05,XAUUSDm,1806.507,1808.239,0,0,0,0,-8.66
58419177,2022-07-01T14:11:07.446000,2022-07-01T14:55:14.499000,sell,0.09,USDCADm,1.29491,1.29177,0,0,0,0,21.88
58158860,2022-07-01T12:02:27.566000,2022-07-01T14:10:37.269000,buy,0.05,XAUUSDm,1790.741,1797.771,0,0,0,0,35.15
58016391,2022-07-01T09:15:34.953000,2022-07-01T11:35:50.417000,buy,0.2,GBPUSDm,1.20919,1.204,0,0,0,0,-103.8
57943334,2022-07-01T08:01:02.272000,2022-07-01T09:14:40.232000,buy,0.1,GBPUSDm,1.21122,1.20886,0,0,0,0,-23.6
57479408,2022-07-01T02:11:55.702000,2022-07-01T02:52:59.384000,buy,0.1,AUDUSDm,0.68896,0.68726,0,0,0,0,-17
57284972,2022-06-30T23:43:48.756000,2022-07-01T02:52:55.134000,buy,0.1,AUDUSDm,0.6899,0.68725,0,0,0,0,-26.5
56587844,2022-06-30T15:09:58.081000,2022-07-01T02:00:47.729000,sell,0.3,USDCADm,1.28924,1.2885,0,0,0,0,17.23
56557279,2022-06-30T14:56:20.587000,2022-06-30T15:09:50.412000,buy,0.3,USDCADm,1.28952,1.28933,0,0,0,0,-4.42
56495320,2022-06-30T14:37:48.251000,2022-06-30T14:55:56.248000,buy,0.3,USDCADm,1.29163,1.28917,0,0,0,0,-57.25
56479982,2022-06-30T14:32:53.664000,2022-06-30T14:37:39.350000,sell,0.2,USDCADm,1.29089,1.29163,0,0,0,0,-11.46
56400709,2022-06-30T14:06:20.346000,2022-06-30T14:28:21.146000,sell,0.1,USDCADm,1.28935,1.29216,0,0,0,0,-21.75
56172384,2022-06-30T12:55:24.441000,2022-06-30T13:59:41.471000,buy,0.3,GBPUSDm,1.21253,1.21596,0,0,0,0,102.9
55853096,2022-06-30T10:50:41.511000,2022-06-30T12:55:14.406000,sell,0.3,GBPUSDm,1.21203,1.21231,0,0,0,0,-8.4
55987800,2022-06-30T12:01:14.782000,2022-06-30T12:41:03.718000,buy,0.05,XAUUSDm,1805.315,1812.532,0,0,0,0,36.08
55768392,2022-06-30T09:35:06.020000,2022-06-30T10:50:33.054000,buy,0.3,GBPUSDm,1.21345,1.21201,0,0,0,0,-43.2
55741274,2022-06-30T09:15:34.740000,2022-06-30T09:34:05.945000,sell,0.2,GBPUSDm,1.21302,1.21337,0,0,0,0,-7
55752865,2022-06-30T09:21:56.603000,2022-06-30T09:34:00.816000,sell,0.3,AUDUSDm,0.68809,0.68849,0,0,0,0,-12
55531338,2022-06-30T05:42:46.020000,2022-06-30T09:15:26.324000,buy,0.2,AUDUSDm,0.68843,0.68824,0,0,0,0,-3.8
55541787,2022-06-30T06:05:03.076000,2022-06-30T09:15:22.277000,buy,0.1,GBPUSDm,1.21479,1.21309,0,0,0,0,-17
55521136,2022-06-30T05:22:31.536000,2022-06-30T05:42:38.598000,sell,0.2,AUDUSDm,0.68842,0.68846,0,0,0,0,-0.8
55335901,2022-06-29T23:06:37.875000,2022-06-30T05:22:17.037000,buy,0.1,AUDUSDm,0.68814,0.6884,0,0,0,0,2.6
54847381,2022-06-29T14:29:22.650000,2022-06-29T22:44:01.381000,buy,0.1,USDCADm,1.28759,1.28916,0,0,0,0,12.18
54520070,2022-06-29T11:59:48.550000,2022-06-29T14:03:18.582000,sell,0.05,XAUUSDm,1824.777,1817.773,0,0,0,0,35.02
54215668,2022-06-29T08:01:50.417000,2022-06-29T10:07:41.130000,sell,0.1,GBPUSDm,1.21971,1.21693,0,0,0,0,27.8
53452551,2022-06-28T12:57:13.374000,2022-06-29T04:14:09.983000,sell,0.1,XAUUSDm,1822.434,1821.033,0,0,0,0,14.01
53559728,2022-06-28T14:35:56.517000,2022-06-29T04:14:05.222000,buy,0.1,USDCADm,1.28688,1.28651,0,0,0,0,-2.88
53410937,2022-06-28T12:11:09.984000,2022-06-28T12:57:03.125000,buy,0.05,XAUUSDm,1825.14,1822.178,0,0,0,0,-14.81
52593584,2022-06-27T14:47:14.584000,2022-06-28T12:54:18.126000,buy,0.3,GBPUSDm,1.22995,1.2215,0,0,0,0,-253.5
52598643,2022-06-27T14:49:49.856000,2022-06-28T12:10:56.566000,buy,0.3,AUDUSDm,0.69398,0.69448,0,0,0,0,15
52592189,2022-06-27T14:46:20.854000,2022-06-28T06:08:19.310000,sell,0.1,USDCADm,1.28887,1.28441,0,0,0,0,34.72
52397639,2022-06-27T12:43:45.919000,2022-06-27T14:48:51.067000,sell,0.3,AUDUSDm,0.69111,0.69449,0,0,0,0,-101.4
52393685,2022-06-27T12:41:10.741000,2022-06-27T14:46:56.578000,sell,0.2,GBPUSDm,1.22396,1.22955,0,0,0,0,-111.8
52588770,2022-06-27T14:43:22.516000,2022-06-27T14:45:04.926000,buy,0.1,USDCADm,1.28956,1.28905,0,0,0,0,-3.96
52398809,2022-06-27T12:44:53.508000,2022-06-27T14:40:42.600000,sell,0.1,XAUUSDm,1829.217,1825.377,0,0,0,0,38.4
52339353,2022-06-27T12:01:20.399000,2022-06-27T12:44:12.217000,buy,0.05,XAUUSDm,1833.324,1829.235,0,0,0,0,-20.44
52078267,2022-06-27T07:02:11.265000,2022-06-27T12:43:04.316000,buy,0.3,AUDUSDm,0.69363,0.69101,0,0,0,0,-78.6
52083843,2022-06-27T07:05:29.663000,2022-06-27T12:40:58.185000,buy,0.1,GBPUSDm,1.22991,1.224,0,0,0,0,-59.1
51874504,2022-06-27T01:10:01.909000,2022-06-27T07:02:03.638000,sell,0.2,AUDUSDm,0.69229,0.69346,0,0,0,0,-23.4
51808796,2022-06-26T23:35:34.339000,2022-06-27T00:30:12.387000,buy,0.1,AUDUSDm,0.6954,0.69329,0,0,0,0,-21.1
48804494,2022-06-24T13:10:45.385000,2022-06-24T14:02:55.398000,buy,0.1,XAUUSDm,1822.021,1827.432,0,0,0,0,54.11
48628171,2022-06-24T09:00:02.065000,2022-06-24T14:02:24.802000,buy,0.2,GBPUSDm,1.22756,1.23148,0,0,0,0,78.4
48628323,2022-06-24T09:00:14.700000,2022-06-24T14:01:56.700000,buy,0.3,AUDUSDm,0.69054,0.69288,0,0,0,0,70.2
48728843,2022-06-24T11:52:06.606000,2022-06-24T13:05:17.055000,buy,0.05,XAUUSDm,1823.991,1817.112,0,0,0,0,-34.4
48585733,2022-06-24T08:03:12.054000,2022-06-24T09:00:09.117000,sell,0.2,AUDUSDm,0.69026,0.69054,0,0,0,0,-5.6
48585826,2022-06-24T08:03:20.078000,2022-06-24T08:59:56.308000,sell,0.1,GBPUSDm,1.22715,1.22766,0,0,0,0,-5.1
48240213,2022-06-23T23:52:37.185000,2022-06-24T08:02:57.645000,buy,0.1,AUDUSDm,0.69036,0.6902,0,0,0,0,-1.6
47981830,2022-06-23T14:30:27.374000,2022-06-23T16:22:25.625000,sell,0.1,USDCADm,1.29687,1.299,0,0,0,0,-16.4
47825746,2022-06-23T12:03:43.455000,2022-06-23T13:08:15.174000,buy,0.05,XAUUSDm,1829.24,1836.209,0,0,0,0,34.85
47767670,2022-06-23T10:14:10.635000,2022-06-23T13:08:11.534000,buy,0.3,GBPUSDm,1.22066,1.22571,0,0,0,0,151.5
47732684,2022-06-23T09:35:56.568000,2022-06-23T10:13:55.889000,sell,0.3,GBPUSDm,1.22037,1.22065,0,0,0,0,-8.4
47734191,2022-06-23T09:38:06.779000,2022-06-23T10:13:38.593000,buy,0.2,USDCADm,1.29762,1.29687,0,0,0,0,-11.57
47190066,2022-06-22T14:32:31.231000,2022-06-23T09:37:53.198000,sell,0.1,USDCADm,1.29433,1.29764,0,0,0,0,-25.51
47644595,2022-06-23T07:32:40.106000,2022-06-23T09:35:46.659000,buy,0.3,GBPUSDm,1.21961,1.22037,0,0,0,0,22.8
46886090,2022-06-22T09:58:25.508000,2022-06-23T07:31:28.785000,buy,0.2,GBPUSDm,1.2255,1.2188,0,0,0,0,-134
47420105,2022-06-22T23:07:04.368000,2022-06-23T00:30:45.147000,sell,0.1,AUDUSDm,0.69235,0.69025,0,0,0,0,21
46983808,2022-06-22T12:01:10.790000,2022-06-22T12:42:16.706000,buy,0.05,XAUUSDm,1837.126,1843,0,0,0,0,29.37
46823536,2022-06-22T08:08:00.966000,2022-06-22T09:57:36.191000,sell,0.1,GBPUSDm,1.21908,1.2245,0,0,0,0,-54.2
46089645,2022-06-21T11:21:30.589000,2022-06-22T05:40:38.932000,sell,0.25,XAUUSDm,1833.22,1825,0,0,0,0,205.5
46039400,2022-06-21T09:31:59.846000,2022-06-21T11:07:34.854000,buy,0.05,XAUUSDm,1837.19,1832,0,0,0,0,-25.95
45354348,2022-06-20T13:12:06.632000,2022-06-21T11:07:34.502000,buy,0.1,XAUUSDm,1841.008,1832.013,0,0,0,0,-89.95
45734269,2022-06-20T23:02:40.310000,2022-06-21T09:31:08.960000,buy,0.1,AUDUSDm,0.69626,0.69755,0,0,0,0,12.9
45397356,2022-06-20T14:28:27.516000,2022-06-21T09:31:02.130000,sell,0.1,USDCADm,1.29917,1.29146,0,0,0,0,59.7
45142880,2022-06-20T06:29:19.727000,2022-06-21T08:44:24.275000,buy,0.1,GBPUSDm,1.22396,1.23175,0,0,0,0,77.9
45319366,2022-06-20T12:01:54.277000,2022-06-20T13:11:43.325000,sell,0.05,XAUUSDm,1837.702,1841.162,0,0,0,0,-17.3
45129988,2022-06-20T06:09:32.705000,2022-06-20T07:39:39.716000,buy,0.3,AUDUSDm,0.69663,0.69802,0,0,0,0,41.7
45070278,2022-06-20T03:39:04.870000,2022-06-20T06:09:20.486000,sell,0.3,AUDUSDm,0.69593,0.69664,0,0,0,0,-21.3
45004416,2022-06-20T01:36:33.111000,2022-06-20T03:37:18.334000,sell,0.2,AUDUSDm,0.69358,0.696,0,0,0,0,-48.4
44955301,2022-06-19T23:38:34.534000,2022-06-20T01:36:24.241000,buy,0.1,AUDUSDm,0.69498,0.69354,0,0,0,0,-14.4
43851102,2022-06-17T12:04:17.726000,2022-06-17T14:13:29.334000,sell,0.05,XAUUSDm,1846.63,1840.891,0,0,0,0,28.69
43776350,2022-06-17T09:43:01.463000,2022-06-17T13:57:01.359000,sell,0.3,GBPUSDm,1.22788,1.22285,0,0,0,0,150.9
43747703,2022-06-17T08:50:02.752000,2022-06-17T09:42:49.835000,buy,0.2,GBPUSDm,1.23398,1.228,0,0,0,0,-119.6
43723538,2022-06-17T08:05:08.610000,2022-06-17T08:49:50.752000,sell,0.1,GBPUSDm,1.22912,1.2339,0,0,0,0,-47.8
43536896,2022-06-17T02:16:33.124000,2022-06-17T06:47:30.527000,sell,0.2,AUDUSDm,0.70281,0.69835,0,0,0,0,89.2
43471308,2022-06-16T22:58:44.670000,2022-06-17T02:15:41.863000,buy,0.1,AUDUSDm,0.70465,0.7028,0,0,0,0,-18.5
43198986,2022-06-16T15:12:52.056000,2022-06-16T15:27:31.756000,buy,0.2,XAUUSDm,1835.795,1842.525,0,0,0,0,134.6
43161023,2022-06-16T14:26:01.525000,2022-06-16T15:27:14.844000,sell,0.1,USDCADm,1.29483,1.29328,0,0,0,0,11.99
43073369,2022-06-16T12:49:12.644000,2022-06-16T15:12:40.249000,sell,0.1,XAUUSDm,1829.298,1835.315,0,0,0,0,-60.17
42982675,2022-06-16T12:34:01.962000,2022-06-16T12:34:23.317000,sell,0.05,XAUUSDm,1828.74,1831.82,0,0,0,0,-15.4
43025230,2022-06-16T12:03:33.810000,2022-06-16T12:33:55.525000,buy,0.05,XAUUSDm,1822.188,1827,0,0,0,0,24.06
42727633,2022-06-16T07:12:46.320000,2022-06-16T10:16:00.382000,buy,0.1,GBPUSDm,1.20971,1.21762,0,0,0,0,79.1
42142299,2022-06-15T16:25:03.523000,2022-06-15T18:38:03.020000,sell,0.1,XAUUSDm,1822.258,1828.57,0,0,0,0,-63.12
42089727,2022-06-15T14:44:42.024000,2022-06-15T18:38:02.993000,sell,0.1,XAUUSDm,1820.51,1828.57,0,0,0,0,-80.6
41759175,2022-06-15T08:07:04.376000,2022-06-15T16:07:57.803000,buy,0.3,GBPUSDm,1.20494,1.2052,0,0,0,0,7.8
42032218,2022-06-15T13:42:32.382000,2022-06-15T15:57:55.167000,sell,0.1,USDCADm,1.29392,1.2971,0,0,0,0,-24.52
41925485,2022-06-15T12:02:42.320000,2022-06-15T14:44:28.902000,buy,0.05,XAUUSDm,1831.937,1820.469,0,0,0,0,-57.34
40964500,2022-06-14T16:50:04.430000,2022-06-15T08:06:16.985000,sell,0.3,GBPUSDm,1.20051,1.20447,0,0,0,0,-118.8
40959356,2022-06-14T16:43:37.859000,2022-06-15T08:06:05.417000,buy,0.2,USDCADm,1.29546,1.29623,0,0,0,0,11.88
40805198,2022-06-14T14:27:49.581000,2022-06-14T16:47:39.025000,buy,0.2,GBPUSDm,1.20289,1.2004,0,0,0,0,-49.8
40561903,2022-06-14T11:50:27.950000,2022-06-14T16:45:45.792000,sell,0.05,XAUUSDm,1820.037,1814.356,0,0,0,0,28.41
40758851,2022-06-14T13:56:33.146000,2022-06-14T16:42:50.616000,sell,0.1,USDCADm,1.29178,1.29546,0,0,0,0,-28.41
40334543,2022-06-14T08:04:57.022000,2022-06-14T11:22:25.737000,buy,0.1,GBPUSDm,1.21774,1.20647,0,0,0,0,-112.7
39331601,2022-06-13T16:13:42.789000,2022-06-14T08:30:57.537000,sell,0.2,USDCADm,1.2844,1.29133,0,0,0,0,-107.33
39781548,2022-06-13T22:58:48.668000,2022-06-14T04:03:50.787000,buy,0.1,AUDUSDm,0.69357,0.69682,0,0,0,0,32.5
39177377,2022-06-13T14:31:35.487000,2022-06-13T16:13:25.487000,buy,0.1,USDCADm,1.28759,1.28411,0,0,0,0,-27.1
38801704,2022-06-13T12:02:11.266000,2022-06-13T12:50:33.705000,sell,0.05,XAUUSDm,1856.233,1843.17,0,0,0,0,65.32
38525964,2022-06-13T08:00:11.556000,2022-06-13T12:50:29.018000,sell,0.1,GBPUSDm,1.224,1.2191,0,0,0,0,49
38800832,2022-06-13T12:01:38.633000,2022-06-13T12:01:45.687000,sell,0.1,XAUUSDm,1856.653,1856.745,0,0,0,0,-0.92
